System Time, Elapsed Time (sec), Package Power (Watt), CPU Power (Watt), DRAM Power (Watt), GPU Power (Watt), E-Core Frequency (Mhz), P-Core Frequency (Mhz), GPU Frequency (Mhz), CPU MIN Temperature (C), CPU AVG Temperature (C), CPU MAX Temperature (C), GPU AVG Temperature (C), CPU Utilization (%), E-Core Utilization (%), P-Core Utilization (%), GPU Utilization (%)
11:12:28.262, 0.000, 0.405, 0.398, 0.000, 0.012, 1537, 1929, 0, 48, 48, 48, 47, 9.031, 9.950, 8.571, 1.000
11:12:29.257, 0.995, 0.433, 0.420, 0.000, 0.018, 1277, 2020, 0, 48, 48, 48, 47, 8.809, 11.616, 7.412, 10.000
11:12:30.254, 1.992, 0.239, 0.242, 0.000, 0.000, 975, 1773, 0, 47, 47, 47, 47, 7.095, 6.533, 7.375, 0.000
11:12:31.255, 2.993, 1.752, 1.760, 0.000, 0.014, 1041, 2625, 0, 47, 47, 47, 47, 8.598, 7.769, 9.011, 1.000
11:12:32.276, 4.014, 7.348, 7.438, 0.000, 0.002, 1326, 3399, 0, 47, 52, 62, 47, 15.460, 6.112, 20.122, 0.000
11:12:33.256, 4.994, 7.105, 7.190, 0.000, 0.002, 1338, 3403, 0, 47, 52, 73, 47, 14.805, 5.974, 19.221, 2.000
11:12:34.255, 5.993, 7.093, 7.178, 0.000, 0.002, 971, 3403, 0, 47, 53, 74, 48, 15.680, 8.291, 19.351, 0.000
11:12:35.256, 6.994, 7.013, 7.098, 0.000, 0.002, 968, 2718, 0, 47, 53, 71, 48, 15.628, 7.731, 19.576, 0.000
11:12:36.257, 7.995, 7.060, 7.146, 0.000, 0.002, 968, 3402, 0, 48, 53, 74, 48, 15.289, 6.716, 19.554, 0.000
11:12:37.247, 8.985, 0.162, 0.162, 0.000, 0.002, 962, 1519, 0, 49, 49, 49, 48, 8.136, 7.653, 8.376, 1.000
11:12:38.255, 9.993, 0.247, 0.246, 0.000, 0.004, 953, 1820, 0, 48, 48, 48, 48, 7.007, 6.948, 7.037, 0.000
11:12:39.261, 10.999, 0.255, 0.256, 0.000, 0.002, 965, 1792, 0, 48, 48, 48, 48, 7.654, 8.750, 7.107, 1.000
11:12:40.254, 11.992, 0.249, 0.250, 0.000, 0.002, 965, 1779, 0, 48, 48, 48, 48, 7.538, 8.586, 7.018, 0.000
11:12:41.271, 13.009, 6.973, 7.062, 0.000, 0.002, 969, 3400, 0, 47, 51, 66, 48, 14.943, 8.354, 18.249, 1.000
11:12:42.256, 13.994, 6.881, 6.966, 0.000, 0.002, 968, 3402, 0, 48, 53, 72, 48, 15.365, 7.417, 19.314, 0.000
11:12:43.255, 14.993, 7.040, 7.126, 0.000, 0.002, 968, 3402, 0, 48, 53, 65, 48, 15.404, 6.767, 19.701, 0.000
11:12:44.246, 15.984, 6.970, 7.054, 0.000, 0.002, 968, 3403, 0, 48, 53, 75, 48, 15.067, 6.818, 19.192, 1.000
11:12:45.254, 16.992, 7.006, 7.090, 0.000, 0.002, 968, 3403, 0, 48, 54, 75, 49, 15.250, 6.784, 19.451, 0.000
11:12:46.263, 18.001, 1.323, 1.326, 0.000, 0.012, 999, 1826, 0, 49, 49, 49, 49, 13.036, 10.396, 14.356, 1.000
11:12:47.257, 18.995, 0.265, 0.264, 0.000, 0.004, 964, 1823, 0, 49, 49, 49, 49, 7.101, 7.053, 7.125, 0.000
11:12:48.255, 19.993, 0.211, 0.210, 0.000, 0.004, 964, 1653, 0, 49, 49, 49, 49, 8.999, 13.165, 6.927, 1.000
11:12:49.255, 20.994, 0.263, 0.262, 0.000, 0.004, 954, 1858, 0, 49, 49, 49, 48, 6.971, 6.767, 7.072, 0.000
11:12:50.255, 21.993, 0.318, 0.314, 0.000, 0.008, 995, 1755, 0, 48, 48, 48, 48, 7.860, 8.772, 7.403, 1.000
11:12:51.255, 22.993, 0.261, 0.260, 0.000, 0.004, 968, 1743, 0, 49, 49, 49, 48, 7.500, 8.500, 7.000, 0.000
11:12:52.256, 23.994, 0.259, 0.258, 0.000, 0.004, 957, 1814, 0, 49, 49, 49, 48, 7.441, 8.081, 7.125, 0.000
11:12:53.255, 24.993, 0.241, 0.240, 0.000, 0.004, 962, 1735, 0, 49, 49, 49, 48, 7.185, 7.519, 7.018, 0.000
11:12:54.256, 25.994, 1.841, 1.850, 0.000, 0.014, 1048, 1630, 0, 47, 49, 59, 48, 8.978, 8.250, 9.340, 1.000
11:12:55.254, 26.993, 0.269, 0.268, 0.000, 0.004, 960, 1801, 0, 49, 49, 49, 48, 7.744, 9.000, 7.116, 0.000
11:12:56.254, 27.992, 0.251, 0.250, 0.000, 0.004, 962, 1757, 0, 49, 49, 49, 48, 7.029, 7.071, 7.009, 0.000
11:12:57.254, 28.992, 0.238, 0.236, 0.000, 0.004, 954, 1796, 0, 48, 48, 48, 48, 7.035, 7.035, 7.035, 1.000
11:12:58.255, 29.993, 2.244, 2.264, 0.000, 0.008, 1021, 2824, 0, 48, 48, 48, 48, 8.757, 7.750, 9.262, 0.000
11:12:59.255, 30.993, 7.019, 7.098, 0.000, 0.008, 991, 3403, 0, 47, 53, 74, 48, 15.940, 8.861, 19.448, 1.000
11:13:00.255, 31.993, 7.089, 7.172, 0.000, 0.006, 1034, 2429, 0, 48, 53, 67, 48, 16.653, 10.804, 19.552, 0.000
11:13:01.258, 32.996, 7.278, 7.364, 0.000, 0.004, 980, 3401, 0, 48, 53, 75, 48, 15.664, 7.901, 19.554, 0.000
11:13:02.255, 33.994, 7.182, 7.268, 0.000, 0.004, 968, 3403, 0, 48, 54, 75, 48, 15.612, 7.888, 19.444, 0.000
11:13:03.255, 34.993, 3.013, 3.038, 0.000, 0.012, 990, 1726, 0, 49, 49, 49, 49, 13.178, 8.229, 15.664, 1.000
11:13:04.255, 35.993, 0.251, 0.250, 0.000, 0.004, 967, 1773, 0, 49, 49, 49, 49, 7.131, 7.232, 7.081, 0.000
11:13:05.256, 36.994, 0.255, 0.254, 0.000, 0.004, 953, 1837, 0, 49, 49, 49, 49, 7.089, 7.035, 7.116, 0.000
11:13:06.255, 37.994, 0.227, 0.226, 0.000, 0.004, 968, 1664, 0, 49, 49, 49, 49, 7.370, 8.333, 6.892, 0.000
11:13:07.257, 38.995, 0.321, 0.316, 0.000, 0.008, 1003, 1834, 0, 48, 48, 48, 48, 8.389, 9.975, 7.597, 1.000
11:13:08.256, 39.995, 0.265, 0.264, 0.000, 0.004, 956, 1735, 0, 48, 48, 48, 48, 6.922, 6.549, 7.107, 0.000
11:13:09.255, 40.993, 0.367, 0.368, 0.000, 0.004, 1124, 1665, 0, 49, 49, 49, 48, 9.908, 15.869, 6.927, 0.000
11:13:10.248, 41.986, 0.221, 0.220, 0.000, 0.004, 953, 1738, 0, 49, 49, 49, 48, 7.943, 10.050, 6.892, 1.000
11:13:11.255, 42.993, 3.069, 3.098, 0.000, 0.008, 1069, 2996, 0, 49, 49, 49, 48, 9.326, 7.500, 10.237, 0.000
11:13:12.255, 43.993, 6.898, 6.980, 0.000, 0.004, 983, 3403, 0, 48, 53, 74, 48, 15.745, 8.333, 19.424, 1.000
11:13:13.253, 44.992, 6.932, 7.016, 0.000, 0.002, 976, 3403, 0, 48, 53, 74, 48, 15.301, 7.286, 19.298, 0.000
11:13:14.247, 45.985, 6.918, 7.002, 0.000, 0.004, 1000, 3403, 0, 48, 53, 75, 49, 15.308, 6.767, 19.552, 0.000
11:13:15.255, 46.993, 7.064, 7.150, 0.000, 0.004, 1033, 2417, 0, 49, 54, 68, 49, 15.321, 7.232, 19.375, 0.000
11:13:16.262, 48.001, 5.837, 5.904, 0.000, 0.006, 971, 3182, 0, 48, 54, 74, 49, 14.876, 7.463, 18.564, 1.000
11:13:17.255, 48.993, 0.239, 0.238, 0.000, 0.004, 957, 1799, 0, 49, 49, 49, 49, 6.908, 6.835, 6.944, 0.000
11:13:18.255, 49.993, 0.239, 0.238, 0.000, 0.004, 957, 1739, 0, 49, 49, 49, 49, 8.424, 11.278, 7.000, 0.000
11:13:19.247, 50.985, 0.340, 0.340, 0.000, 0.004, 1123, 1624, 0, 49, 49, 49, 49, 8.090, 10.276, 7.000, 0.000
11:13:20.255, 51.993, 0.300, 0.296, 0.000, 0.008, 983, 1866, 0, 49, 49, 49, 49, 8.848, 11.587, 7.491, 1.000
11:13:21.255, 52.993, 0.225, 0.224, 0.000, 0.004, 962, 1706, 0, 49, 49, 49, 49, 7.179, 7.305, 7.116, 0.000
11:13:22.255, 53.993, 0.239, 0.238, 0.000, 0.004, 964, 1737, 0, 49, 49, 49, 49, 7.571, 8.955, 6.875, 1.000
11:13:23.254, 54.993, 0.251, 0.250, 0.000, 0.004, 958, 1740, 0, 49, 49, 49, 49, 7.513, 8.543, 7.000, 0.000
11:13:24.255, 55.993, 0.350, 0.350, 0.000, 0.004, 998, 1717, 0, 48, 48, 48, 48, 7.185, 6.784, 7.384, 0.000
11:13:25.275, 57.014, 7.163, 7.250, 0.000, 0.002, 968, 3399, 0, 48, 52, 68, 49, 15.994, 7.524, 20.218, 1.000
11:13:26.264, 58.003, 6.948, 7.034, 0.000, 0.002, 968, 3401, 0, 49, 54, 72, 49, 15.293, 6.650, 19.593, 0.000
11:13:27.257, 58.995, 6.931, 7.018, 0.000, 0.002, 988, 3400, 0, 49, 54, 70, 49, 19.444, 18.782, 19.773, 0.000
11:13:28.254, 59.993, 6.774, 6.860, 0.000, 0.002, 968, 3402, 0, 49, 54, 71, 49, 17.479, 13.636, 19.395, 1.000
11:13:29.255, 60.993, 6.833, 6.918, 0.000, 0.002, 968, 3402, 0, 49, 54, 71, 50, 15.167, 6.549, 19.427, 0.000
11:13:30.255, 61.993, 0.215, 0.214, 0.000, 0.004, 964, 1654, 0, 51, 51, 51, 50, 10.267, 9.250, 10.777, 0.000
11:13:31.257, 62.995, 0.257, 0.256, 0.000, 0.004, 964, 1721, 0, 50, 50, 50, 50, 7.533, 7.960, 7.320, 1.000
11:13:32.255, 63.993, 0.265, 0.264, 0.000, 0.004, 967, 1745, 0, 49, 49, 49, 49, 7.525, 8.564, 7.009, 0.000
11:13:33.254, 64.993, 0.296, 0.290, 0.000, 0.010, 987, 1731, 0, 49, 49, 49, 49, 9.091, 13.065, 7.116, 1.000
11:13:34.257, 65.995, 0.308, 0.308, 0.000, 0.004, 953, 1946, 0, 49, 49, 49, 49, 8.146, 8.978, 7.731, 0.000
11:13:35.255, 66.993, 0.261, 0.260, 0.000, 0.004, 967, 1731, 0, 49, 49, 49, 49, 7.395, 8.122, 7.035, 0.000
11:13:36.254, 67.993, 0.243, 0.242, 0.000, 0.004, 957, 1798, 0, 49, 49, 49, 49, 7.423, 8.229, 7.018, 1.000
11:13:37.253, 68.991, 0.239, 0.238, 0.000, 0.004, 960, 1729, 0, 49, 49, 49, 49, 7.173, 7.323, 7.098, 0.000
11:13:38.261, 70.000, 6.919, 7.000, 0.000, 0.006, 977, 3401, 0, 48, 51, 60, 49, 12.718, 8.458, 14.856, 0.000
11:13:39.254, 70.992, 4.894, 4.948, 0.000, 0.008, 985, 2915, 0, 49, 53, 68, 49, 14.238, 6.801, 17.942, 1.000
11:13:40.255, 71.993, 0.267, 0.266, 0.000, 0.004, 965, 1812, 0, 49, 49, 49, 49, 7.410, 8.271, 6.983, 0.000
11:13:41.254, 72.993, 0.222, 0.220, 0.000, 0.004, 964, 1686, 0, 49, 49, 49, 49, 7.454, 8.312, 7.026, 0.000
11:13:42.262, 74.000, 0.366, 0.366, 0.000, 0.004, 965, 1981, 0, 49, 49, 49, 49, 7.895, 9.113, 7.284, 0.000
11:13:43.255, 74.994, 1.308, 1.316, 0.000, 0.008, 1042, 2602, 0, 49, 49, 49, 49, 8.206, 7.398, 8.608, 1.000
11:13:44.262, 76.000, 6.745, 6.828, 0.000, 0.002, 968, 3402, 0, 48, 53, 69, 49, 15.724, 7.769, 19.676, 0.000
11:13:45.254, 76.992, 0.182, 0.180, 0.000, 0.004, 956, 1567, 0, 50, 50, 50, 49, 9.237, 8.184, 9.759, 1.000
11:13:46.255, 77.993, 0.245, 0.244, 0.000, 0.004, 957, 1803, 0, 49, 49, 49, 49, 7.426, 8.374, 6.948, 0.000
11:13:47.256, 78.994, 0.253, 0.252, 0.000, 0.004, 964, 1767, 0, 49, 49, 49, 49, 7.077, 6.801, 7.214, 0.000
11:13:48.255, 79.993, 0.247, 0.246, 0.000, 0.004, 969, 1750, 0, 49, 49, 49, 49, 9.197, 13.784, 6.901, 1.000
11:13:49.263, 81.001, 0.324, 0.320, 0.000, 0.008, 954, 1949, 0, 49, 49, 49, 49, 9.008, 8.933, 9.046, 0.000
11:13:50.258, 81.996, 0.271, 0.270, 0.000, 0.004, 962, 1792, 0, 49, 49, 49, 49, 7.563, 8.629, 7.035, 1.000
11:13:51.255, 82.993, 0.247, 0.246, 0.000, 0.004, 967, 1691, 0, 49, 49, 49, 49, 7.358, 8.020, 7.026, 0.000
11:13:52.256, 83.994, 0.249, 0.248, 0.000, 0.004, 967, 1658, 0, 49, 49, 49, 48, 7.494, 8.271, 7.107, 0.000
11:13:53.263, 85.001, 6.755, 6.834, 0.000, 0.006, 987, 3392, 0, 48, 51, 59, 48, 12.656, 9.023, 14.464, 0.000
11:13:54.255, 85.993, 6.503, 6.580, 0.000, 0.004, 993, 3396, 0, 49, 53, 70, 49, 16.178, 9.572, 19.472, 1.000
11:13:55.256, 86.995, 6.376, 6.454, 0.000, 0.004, 973, 3358, 0, 49, 53, 69, 49, 16.345, 10.076, 19.472, 0.000
11:13:56.257, 87.995, 6.359, 6.436, 0.000, 0.004, 974, 3395, 0, 49, 53, 69, 49, 16.153, 9.524, 19.451, 0.000
11:13:57.253, 88.992, 6.318, 6.394, 0.000, 0.004, 977, 3399, 0, 49, 53, 69, 50, 15.983, 8.838, 19.524, 0.000
11:13:58.257, 89.995, 0.435, 0.436, 0.000, 0.004, 1015, 1792, 0, 50, 50, 50, 50, 10.531, 9.181, 11.208, 1.000
11:13:59.261, 90.999, 0.290, 0.290, 0.000, 0.004, 967, 1806, 0, 50, 50, 50, 49, 7.890, 8.479, 7.597, 0.000
11:14:00.254, 91.992, 0.255, 0.254, 0.000, 0.004, 972, 1752, 0, 49, 49, 49, 49, 8.648, 11.899, 7.035, 1.000
11:14:01.254, 92.992, 0.265, 0.264, 0.000, 0.004, 969, 1753, 0, 49, 49, 49, 49, 7.937, 9.799, 7.009, 0.000
11:14:02.256, 93.994, 0.251, 0.250, 0.000, 0.004, 962, 1756, 0, 49, 49, 49, 49, 7.506, 7.576, 7.472, 1.000
11:14:03.255, 94.993, 0.275, 0.274, 0.000, 0.004, 956, 1810, 0, 49, 49, 49, 49, 7.262, 7.769, 7.009, 0.000
11:14:04.254, 95.993, 0.233, 0.232, 0.000, 0.004, 962, 1708, 0, 49, 49, 49, 49, 7.531, 8.772, 6.910, 0.000
11:14:05.254, 96.992, 0.243, 0.242, 0.000, 0.004, 962, 1738, 0, 49, 49, 49, 49, 7.333, 7.789, 7.107, 0.000
11:14:06.255, 97.993, 0.249, 0.248, 0.000, 0.004, 957, 1819, 0, 49, 49, 49, 49, 7.475, 7.481, 7.472, 1.000
11:14:07.254, 98.992, 0.239, 0.238, 0.000, 0.004, 954, 1796, 0, 49, 49, 49, 49, 7.035, 7.305, 6.901, 0.000
11:14:08.255, 99.993, 0.227, 0.226, 0.000, 0.004, 960, 1699, 0, 49, 49, 49, 49, 7.167, 7.519, 6.991, 0.000
11:14:09.256, 100.994, 0.255, 0.254, 0.000, 0.004, 957, 1830, 0, 49, 49, 49, 48, 7.333, 7.769, 7.116, 0.000
11:14:10.255, 101.993, 0.397, 0.400, 0.000, 0.002, 1171, 1827, 0, 49, 49, 49, 48, 11.185, 19.144, 7.241, 1.000
11:14:11.254, 102.992, 0.243, 0.242, 0.000, 0.004, 957, 1759, 0, 49, 49, 49, 49, 7.018, 7.250, 6.901, 0.000
11:14:12.254, 103.992, 0.241, 0.240, 0.000, 0.004, 962, 1740, 0, 48, 48, 48, 48, 7.185, 7.538, 7.009, 0.000
11:14:13.254, 104.992, 0.251, 0.250, 0.000, 0.004, 957, 1760, 0, 48, 48, 48, 48, 7.827, 8.794, 7.347, 0.000
11:14:14.255, 105.994, 0.267, 0.266, 0.000, 0.004, 954, 1852, 0, 48, 48, 48, 48, 7.577, 8.020, 7.357, 1.000
11:14:15.255, 106.993, 0.255, 0.254, 0.000, 0.004, 965, 1801, 0, 48, 48, 48, 48, 7.441, 8.291, 7.018, 0.000
11:14:16.255, 107.993, 0.237, 0.236, 0.000, 0.004, 962, 1730, 0, 48, 48, 48, 48, 7.179, 7.519, 7.009, 0.000
11:14:17.255, 108.993, 0.231, 0.230, 0.000, 0.004, 954, 1794, 0, 48, 48, 48, 48, 6.873, 6.566, 7.026, 1.000
11:14:18.254, 109.992, 5.588, 5.646, 0.000, 0.012, 1015, 3307, 0, 47, 51, 64, 48, 13.610, 11.750, 14.534, 0.000
11:14:19.246, 110.984, 0.164, 0.162, 0.000, 0.004, 954, 1569, 0, 49, 49, 49, 48, 8.644, 7.888, 9.022, 0.000
11:14:20.254, 111.992, 0.528, 0.530, 0.000, 0.004, 1638, 1818, 0, 49, 49, 49, 48, 9.680, 14.778, 7.134, 1.000
11:14:21.257, 112.995, 0.267, 0.266, 0.000, 0.004, 965, 1835, 0, 48, 48, 48, 48, 6.928, 6.549, 7.116, 0.000
11:14:22.255, 113.993, 0.229, 0.228, 0.000, 0.004, 964, 1709, 0, 48, 48, 48, 48, 7.185, 7.519, 7.018, 0.000
11:14:23.262, 115.000, 0.285, 0.284, 0.000, 0.004, 971, 1739, 0, 48, 48, 48, 48, 8.050, 9.250, 7.453, 1.000
11:14:24.254, 115.993, 0.271, 0.270, 0.000, 0.004, 981, 1797, 0, 49, 49, 49, 48, 7.557, 8.586, 7.044, 0.000
11:14:25.254, 116.992, 0.243, 0.242, 0.000, 0.004, 962, 1741, 0, 49, 49, 49, 48, 7.191, 7.519, 7.026, 1.000
11:14:26.254, 117.992, 0.253, 0.252, 0.000, 0.004, 962, 1752, 0, 49, 49, 49, 48, 7.244, 7.750, 6.991, 0.000
11:14:27.256, 118.994, 0.283, 0.282, 0.000, 0.004, 960, 1826, 0, 49, 49, 49, 48, 7.833, 8.794, 7.357, 0.000
11:14:28.253, 119.991, 0.365, 0.366, 0.000, 0.004, 1100, 1666, 0, 49, 49, 49, 48, 9.038, 11.839, 7.644, 0.000
11:14:29.256, 120.994, 0.263, 0.262, 0.000, 0.004, 967, 1734, 0, 49, 49, 49, 48, 7.398, 7.980, 7.107, 1.000
11:14:30.255, 121.993, 0.247, 0.246, 0.000, 0.004, 967, 1688, 0, 48, 48, 48, 48, 8.187, 10.553, 7.009, 0.000
11:14:31.254, 122.992, 0.247, 0.246, 0.000, 0.004, 962, 1745, 0, 48, 48, 48, 48, 7.423, 7.769, 7.250, 0.000
11:14:32.256, 123.994, 0.245, 0.244, 0.000, 0.004, 964, 1729, 0, 48, 48, 48, 48, 7.346, 8.040, 7.000, 1.000
11:14:33.256, 124.994, 0.273, 0.272, 0.000, 0.004, 968, 1790, 0, 48, 48, 48, 48, 7.089, 7.035, 7.116, 0.000
11:14:34.255, 125.993, 0.237, 0.236, 0.000, 0.004, 962, 1717, 0, 48, 48, 48, 48, 7.538, 8.586, 7.018, 0.000
11:14:35.263, 127.001, 7.238, 7.326, 0.000, 0.004, 1072, 2998, 0, 47, 51, 65, 48, 13.745, 8.642, 16.296, 0.000
11:14:36.261, 127.999, 0.365, 0.358, 0.000, 0.012, 1003, 1873, 0, 49, 49, 49, 48, 12.050, 9.572, 13.283, 1.000
11:14:37.257, 128.995, 0.257, 0.256, 0.000, 0.004, 954, 1835, 0, 48, 48, 48, 48, 7.221, 7.576, 7.044, 0.000
11:14:38.257, 129.996, 0.253, 0.252, 0.000, 0.004, 954, 1836, 0, 48, 48, 48, 48, 7.179, 7.519, 7.009, 1.000
11:14:39.254, 130.993, 0.239, 0.238, 0.000, 0.004, 953, 1797, 0, 48, 48, 48, 48, 7.197, 7.305, 7.143, 0.000
11:14:40.254, 131.992, 0.330, 0.322, 0.000, 0.012, 1015, 1802, 0, 48, 48, 48, 48, 8.347, 10.526, 7.259, 0.000
11:14:41.254, 132.992, 0.265, 0.264, 0.000, 0.004, 957, 1858, 0, 48, 48, 48, 48, 7.494, 8.040, 7.223, 1.000
11:14:42.254, 133.992, 0.265, 0.264, 0.000, 0.004, 965, 1818, 0, 48, 48, 48, 48, 8.201, 10.579, 7.018, 0.000
11:14:43.254, 134.992, 0.243, 0.242, 0.000, 0.004, 965, 1771, 0, 48, 48, 48, 48, 7.333, 8.000, 7.000, 0.000
11:14:44.254, 135.992, 0.302, 0.298, 0.000, 0.008, 996, 1723, 0, 48, 48, 48, 48, 8.180, 9.548, 7.500, 1.000
11:14:45.257, 136.996, 0.279, 0.278, 0.000, 0.004, 957, 1881, 0, 48, 48, 48, 48, 7.238, 7.538, 7.090, 0.000
11:14:46.254, 137.993, 0.267, 0.266, 0.000, 0.004, 988, 1732, 0, 48, 48, 48, 48, 8.117, 10.526, 6.910, 0.000
11:14:47.256, 138.995, 0.253, 0.252, 0.000, 0.004, 964, 1774, 0, 48, 48, 48, 48, 6.761, 6.297, 6.991, 0.000
11:14:48.261, 139.999, 3.337, 3.364, 0.000, 0.014, 1032, 2261, 0, 47, 49, 60, 48, 12.355, 12.159, 12.453, 1.000
11:14:49.264, 141.002, 4.164, 4.212, 0.000, 0.004, 996, 3358, 0, 47, 51, 60, 48, 15.565, 7.305, 19.674, 0.000
11:14:50.255, 141.994, 4.109, 4.156, 0.000, 0.004, 977, 3358, 0, 47, 51, 61, 48, 15.649, 8.040, 19.448, 0.000
11:14:51.247, 142.985, 0.192, 0.190, 0.000, 0.004, 967, 1547, 0, 49, 49, 49, 48, 8.846, 7.888, 9.320, 0.000
11:14:52.254, 143.992, 0.241, 0.240, 0.000, 0.004, 956, 1730, 0, 49, 49, 49, 48, 7.420, 7.901, 7.178, 1.000
11:14:53.255, 144.993, 0.269, 0.268, 0.000, 0.004, 957, 1864, 0, 48, 48, 48, 48, 7.179, 7.769, 6.884, 0.000
11:14:54.255, 145.993, 0.255, 0.254, 0.000, 0.004, 959, 1811, 0, 48, 48, 48, 48, 7.879, 9.367, 7.143, 1.000
11:14:55.256, 146.995, 0.271, 0.270, 0.000, 0.004, 964, 1818, 0, 48, 48, 48, 48, 7.897, 8.772, 7.463, 0.000
11:14:56.254, 147.992, 0.263, 0.262, 0.000, 0.004, 971, 1758, 0, 48, 48, 48, 48, 7.879, 10.050, 6.792, 0.000
11:14:57.254, 148.992, 0.233, 0.232, 0.000, 0.004, 967, 1679, 0, 48, 48, 48, 48, 7.083, 7.018, 7.116, 0.000
11:14:58.254, 149.992, 0.243, 0.242, 0.000, 0.004, 962, 1792, 0, 48, 48, 48, 48, 7.525, 8.312, 7.134, 1.000
11:14:59.261, 150.999, 0.263, 0.262, 0.000, 0.004, 962, 1786, 0, 48, 48, 48, 48, 7.954, 9.227, 7.320, 0.000
11:15:00.254, 151.992, 0.253, 0.252, 0.000, 0.004, 967, 1711, 0, 48, 48, 48, 48, 7.615, 8.543, 7.152, 0.000
11:15:01.254, 152.992, 0.251, 0.250, 0.000, 0.004, 960, 1768, 0, 48, 48, 48, 48, 7.268, 7.789, 7.009, 1.000
11:15:02.254, 153.992, 0.241, 0.240, 0.000, 0.004, 965, 1756, 0, 48, 48, 48, 48, 7.679, 9.023, 7.009, 0.000
11:15:03.257, 154.995, 0.251, 0.250, 0.000, 0.004, 956, 1763, 0, 48, 48, 48, 48, 7.352, 7.789, 7.134, 0.000
11:15:04.254, 155.992, 0.241, 0.240, 0.000, 0.004, 962, 1740, 0, 48, 48, 48, 48, 7.429, 8.291, 7.000, 0.000
11:15:05.253, 156.991, 0.227, 0.226, 0.000, 0.004, 962, 1702, 0, 48, 48, 48, 48, 7.506, 8.291, 7.116, 0.000
11:15:06.254, 157.992, 0.263, 0.262, 0.000, 0.004, 968, 1745, 0, 48, 48, 48, 48, 7.577, 8.728, 7.000, 1.000
11:15:07.256, 158.994, 0.267, 0.266, 0.000, 0.004, 967, 1759, 0, 48, 48, 48, 48, 7.161, 7.035, 7.223, 0.000
11:15:08.256, 159.994, 0.241, 0.240, 0.000, 0.004, 967, 1703, 0, 48, 48, 48, 48, 7.018, 7.000, 7.026, 0.000
11:15:09.254, 160.993, 0.239, 0.238, 0.000, 0.004, 965, 1785, 0, 48, 48, 48, 48, 6.856, 6.566, 7.000, 1.000
11:15:10.254, 161.993, 0.290, 0.292, 0.000, 0.002, 1041, 1742, 0, 48, 48, 48, 47, 8.507, 11.307, 7.116, 0.000
11:15:11.254, 162.992, 0.241, 0.240, 0.000, 0.004, 960, 1733, 0, 48, 48, 48, 47, 9.675, 14.787, 7.125, 0.000
11:15:12.255, 163.993, 0.253, 0.252, 0.000, 0.004, 957, 1820, 0, 48, 48, 48, 47, 7.429, 8.271, 7.009, 0.000
11:15:13.255, 164.993, 0.243, 0.244, 0.000, 0.002, 962, 1737, 0, 48, 48, 48, 47, 7.429, 8.271, 7.009, 0.000
11:15:14.254, 165.992, 0.241, 0.240, 0.000, 0.004, 957, 1794, 0, 48, 48, 48, 47, 7.191, 7.323, 7.125, 1.000
11:15:15.254, 166.992, 0.263, 0.262, 0.000, 0.004, 953, 1858, 0, 48, 48, 48, 47, 7.718, 8.458, 7.347, 0.000
11:15:16.255, 167.993, 0.257, 0.256, 0.000, 0.004, 968, 1744, 0, 48, 48, 48, 47, 7.358, 8.291, 6.892, 0.000
11:15:17.254, 168.992, 0.233, 0.232, 0.000, 0.004, 964, 1739, 0, 48, 48, 48, 47, 7.101, 7.071, 7.116, 0.000
11:15:18.256, 169.994, 0.235, 0.236, 0.000, 0.002, 957, 1790, 0, 48, 48, 48, 47, 8.750, 12.219, 7.009, 1.000
11:15:19.254, 170.993, 0.275, 0.274, 0.000, 0.004, 966, 1800, 0, 48, 48, 48, 47, 7.441, 7.809, 7.259, 0.000
11:15:20.254, 171.992, 0.239, 0.238, 0.000, 0.004, 966, 1727, 0, 48, 48, 48, 47, 7.429, 8.521, 6.884, 0.000
11:15:21.254, 172.992, 0.239, 0.240, 0.000, 0.002, 1000, 1703, 0, 48, 48, 48, 47, 9.137, 13.384, 7.026, 0.000
11:15:22.254, 173.992, 0.257, 0.256, 0.000, 0.004, 960, 1755, 0, 48, 48, 48, 47, 7.897, 9.500, 7.098, 1.000
11:15:23.255, 174.993, 0.257, 0.256, 0.000, 0.004, 968, 1746, 0, 48, 48, 48, 47, 7.890, 8.978, 7.347, 0.000
11:15:24.264, 176.002, 0.352, 0.352, 0.000, 0.004, 972, 1916, 0, 48, 48, 48, 47, 7.527, 8.458, 7.063, 0.000
11:15:25.254, 176.992, 0.251, 0.250, 0.000, 0.004, 957, 1768, 0, 48, 48, 48, 47, 7.492, 8.333, 7.071, 1.000
11:15:26.254, 177.992, 0.245, 0.244, 0.000, 0.004, 953, 1819, 0, 48, 48, 48, 47, 6.795, 6.345, 7.018, 0.000
11:15:27.254, 178.992, 0.265, 0.264, 0.000, 0.004, 953, 1850, 0, 48, 48, 48, 47, 7.724, 8.209, 7.481, 1.000
11:15:28.255, 179.993, 0.247, 0.248, 0.000, 0.002, 957, 1763, 0, 48, 48, 48, 47, 7.095, 7.286, 7.000, 0.000
11:15:29.254, 180.992, 0.247, 0.246, 0.000, 0.004, 964, 1759, 0, 48, 48, 48, 47, 6.934, 6.801, 7.000, 0.000
11:15:30.254, 181.992, 0.239, 0.238, 0.000, 0.004, 955, 1798, 0, 48, 48, 48, 47, 7.268, 7.750, 7.026, 0.000
11:15:31.256, 182.994, 0.261, 0.260, 0.000, 0.004, 962, 1775, 0, 48, 48, 48, 47, 7.519, 8.333, 7.116, 1.000
11:15:32.254, 183.992, 0.265, 0.264, 0.000, 0.004, 970, 1754, 0, 48, 48, 48, 47, 7.846, 9.068, 7.241, 0.000
11:15:33.254, 184.992, 0.235, 0.234, 0.000, 0.004, 953, 1790, 0, 48, 48, 48, 47, 7.750, 8.955, 7.143, 0.000
11:15:34.255, 185.993, 0.245, 0.244, 0.000, 0.004, 967, 1704, 0, 48, 48, 48, 47, 7.404, 8.040, 7.090, 0.000
11:15:35.255, 186.993, 0.249, 0.248, 0.000, 0.004, 957, 1826, 0, 48, 48, 48, 47, 7.423, 8.000, 7.134, 1.000
11:15:36.254, 187.992, 0.257, 0.256, 0.000, 0.004, 964, 1770, 0, 48, 48, 48, 47, 7.352, 8.040, 7.009, 0.000
11:15:37.254, 188.992, 0.239, 0.238, 0.000, 0.004, 967, 1622, 0, 47, 47, 47, 47, 7.376, 7.828, 7.152, 0.000
11:15:38.254, 189.992, 0.247, 0.246, 0.000, 0.004, 964, 1748, 0, 48, 48, 48, 47, 7.066, 7.018, 7.090, 0.000
11:15:39.254, 190.992, 0.241, 0.234, 0.000, 0.010, 967, 1712, 0, 48, 48, 48, 47, 7.577, 7.980, 7.375, 1.000
11:15:40.256, 191.994, 0.275, 0.274, 0.000, 0.004, 967, 1753, 0, 48, 48, 48, 47, 7.404, 8.250, 6.983, 0.000
11:15:41.254, 192.992, 0.243, 0.242, 0.000, 0.004, 962, 1742, 0, 48, 48, 48, 47, 6.784, 6.329, 7.009, 0.000
11:15:42.254, 193.992, 0.249, 0.250, 0.000, 0.002, 976, 1746, 0, 48, 48, 48, 47, 7.602, 8.772, 7.018, 0.000
11:15:43.254, 194.992, 0.263, 0.258, 0.000, 0.008, 986, 1854, 0, 48, 48, 48, 47, 7.441, 8.040, 7.143, 1.000
11:15:44.253, 195.991, 0.269, 0.270, 0.000, 0.002, 953, 1867, 0, 48, 48, 48, 47, 7.386, 7.960, 7.098, 0.000
11:15:45.255, 196.993, 0.251, 0.252, 0.000, 0.002, 964, 1768, 0, 48, 48, 48, 47, 7.023, 7.071, 7.000, 1.000
11:15:46.253, 197.992, 0.237, 0.236, 0.000, 0.004, 967, 1684, 0, 48, 48, 48, 47, 7.191, 7.286, 7.143, 0.000
11:15:47.254, 198.992, 0.298, 0.290, 0.000, 0.012, 1011, 1694, 0, 48, 48, 48, 47, 7.262, 7.053, 7.366, 1.000
11:15:48.261, 200.000, 0.259, 0.258, 0.000, 0.004, 956, 1777, 0, 48, 48, 48, 47, 8.685, 11.881, 7.081, 0.000
11:15:49.254, 200.992, 0.239, 0.240, 0.000, 0.002, 968, 1709, 0, 48, 48, 48, 47, 7.047, 7.089, 7.026, 0.000
11:15:50.254, 201.992, 0.277, 0.278, 0.000, 0.002, 1005, 1716, 0, 48, 48, 48, 47, 7.756, 9.273, 7.000, 1.000
11:15:51.255, 202.994, 0.324, 0.318, 0.000, 0.010, 1009, 1645, 0, 48, 48, 48, 47, 7.692, 8.060, 7.509, 0.000
11:15:52.257, 203.995, 0.255, 0.254, 0.000, 0.004, 959, 1845, 0, 47, 47, 47, 47, 7.155, 7.481, 6.991, 1.000
11:15:53.253, 204.992, 0.249, 0.250, 0.000, 0.002, 957, 1823, 0, 47, 47, 47, 47, 7.203, 7.557, 7.026, 0.000
11:15:54.254, 205.992, 0.233, 0.232, 0.000, 0.004, 964, 1732, 0, 47, 47, 47, 47, 7.679, 9.045, 7.000, 0.000
11:15:55.261, 206.999, 5.586, 5.642, 0.000, 0.012, 1059, 2809, 0, 46, 49, 63, 47, 11.564, 9.500, 12.594, 0.000
11:15:56.262, 208.001, 7.342, 7.430, 0.000, 0.002, 980, 3401, 0, 47, 52, 68, 47, 16.086, 8.978, 19.627, 1.000
11:15:57.254, 208.992, 7.237, 7.324, 0.000, 0.004, 980, 3402, 0, 47, 52, 70, 48, 15.612, 7.888, 19.444, 0.000
11:15:58.247, 209.985, 0.201, 0.200, 0.000, 0.004, 960, 1616, 0, 48, 48, 48, 48, 9.532, 8.291, 10.150, 1.000
11:15:59.257, 210.995, 0.259, 0.258, 0.000, 0.004, 964, 1785, 0, 48, 48, 48, 48, 7.255, 7.654, 7.054, 0.000
11:16:00.264, 212.002, 0.399, 0.398, 0.000, 0.006, 973, 2018, 0, 48, 48, 48, 47, 7.769, 8.250, 7.531, 0.000
11:16:01.255, 212.993, 0.251, 0.250, 0.000, 0.004, 967, 1708, 0, 48, 48, 48, 47, 7.191, 7.653, 6.962, 1.000
11:16:02.262, 214.000, 0.286, 0.286, 0.000, 0.004, 972, 1840, 0, 48, 48, 48, 47, 8.063, 9.926, 7.125, 0.000
11:16:03.254, 214.992, 0.247, 0.246, 0.000, 0.004, 964, 1737, 0, 48, 48, 48, 47, 7.383, 8.081, 7.035, 1.000
11:16:04.254, 215.992, 0.261, 0.260, 0.000, 0.004, 962, 1769, 0, 48, 48, 48, 47, 7.756, 9.045, 7.116, 0.000
11:16:05.254, 216.992, 0.249, 0.248, 0.000, 0.004, 956, 1755, 0, 48, 48, 48, 47, 7.191, 7.286, 7.143, 0.000
11:16:06.255, 217.993, 0.255, 0.254, 0.000, 0.004, 960, 1757, 0, 48, 48, 48, 47, 7.788, 8.750, 7.311, 1.000
11:16:07.261, 218.999, 0.273, 0.272, 0.000, 0.004, 953, 1873, 0, 48, 48, 48, 47, 7.185, 7.750, 6.901, 0.000
11:16:08.253, 219.992, 0.243, 0.242, 0.000, 0.004, 967, 1695, 0, 48, 48, 48, 47, 7.119, 7.305, 7.026, 0.000
11:16:09.254, 220.992, 0.251, 0.250, 0.000, 0.004, 956, 1766, 0, 48, 48, 48, 47, 7.339, 7.557, 7.232, 1.000
11:16:10.260, 221.998, 0.289, 0.288, 0.000, 0.004, 968, 1800, 0, 48, 48, 48, 47, 7.910, 9.023, 7.357, 0.000
11:16:11.254, 222.992, 0.324, 0.326, 0.000, 0.002, 1071, 1708, 0, 48, 48, 48, 47, 9.304, 14.035, 6.927, 1.000
11:16:12.254, 223.992, 0.245, 0.244, 0.000, 0.004, 962, 1761, 0, 48, 48, 48, 47, 8.924, 12.782, 7.000, 0.000
11:16:13.254, 224.992, 0.249, 0.248, 0.000, 0.004, 962, 1759, 0, 48, 48, 48, 47, 7.173, 7.286, 7.116, 0.000
11:16:14.263, 226.001, 7.087, 7.172, 0.000, 0.004, 985, 3388, 0, 46, 50, 60, 47, 13.554, 8.978, 15.822, 1.000
11:16:15.254, 226.992, 0.281, 0.272, 0.000, 0.012, 983, 1829, 0, 48, 48, 48, 47, 11.214, 7.595, 13.021, 0.000
11:16:16.254, 227.992, 0.247, 0.248, 0.000, 0.002, 968, 1701, 0, 48, 48, 48, 48, 7.577, 8.772, 6.983, 1.000
11:16:17.254, 228.993, 0.237, 0.236, 0.000, 0.004, 962, 1736, 0, 48, 48, 48, 47, 7.083, 7.268, 6.991, 0.000
11:16:18.253, 229.991, 0.245, 0.244, 0.000, 0.004, 962, 1773, 0, 48, 48, 48, 47, 8.047, 10.076, 7.035, 0.000
11:16:19.254, 230.992, 6.500, 6.572, 0.000, 0.010, 1028, 3219, 0, 46, 50, 65, 47, 11.519, 7.538, 13.500, 0.000
11:16:20.255, 231.993, 3.365, 3.394, 0.000, 0.014, 1027, 2142, 0, 48, 51, 68, 47, 13.856, 9.068, 16.230, 1.000
11:16:21.254, 232.993, 0.290, 0.290, 0.000, 0.004, 1005, 1805, 0, 48, 48, 48, 48, 7.533, 8.685, 6.957, 0.000
11:16:22.253, 233.991, 0.239, 0.240, 0.000, 0.002, 962, 1683, 0, 48, 48, 48, 47, 8.809, 12.343, 7.044, 0.000
11:16:23.253, 234.991, 0.251, 0.250, 0.000, 0.004, 957, 1829, 0, 48, 48, 48, 47, 7.410, 7.538, 7.347, 1.000
11:16:24.254, 235.992, 0.330, 0.322, 0.000, 0.012, 1006, 1757, 0, 48, 48, 48, 47, 8.027, 9.068, 7.509, 0.000
11:16:25.260, 236.998, 0.273, 0.272, 0.000, 0.004, 962, 1794, 0, 48, 48, 48, 47, 7.801, 8.978, 7.214, 1.000
11:16:26.253, 237.992, 0.235, 0.236, 0.000, 0.002, 962, 1716, 0, 48, 48, 48, 47, 7.441, 8.521, 6.901, 0.000
11:16:27.253, 238.991, 0.279, 0.278, 0.000, 0.004, 963, 1859, 0, 48, 48, 48, 47, 7.590, 8.772, 7.000, 0.000
11:16:28.253, 239.991, 2.620, 2.636, 0.000, 0.012, 1031, 2798, 0, 48, 48, 48, 47, 9.842, 9.548, 9.988, 1.000
11:16:29.255, 240.993, 6.600, 6.680, 0.000, 0.002, 970, 3399, 0, 47, 52, 70, 47, 15.034, 6.599, 19.241, 0.000
11:16:30.254, 241.992, 6.544, 6.624, 0.000, 0.002, 974, 3403, 0, 47, 52, 70, 47, 15.346, 7.035, 19.476, 0.000
11:16:31.263, 243.001, 5.438, 5.500, 0.000, 0.006, 977, 3153, 0, 47, 52, 62, 48, 14.745, 7.196, 18.496, 1.000
11:16:32.257, 243.995, 0.263, 0.262, 0.000, 0.004, 962, 1792, 0, 48, 48, 48, 48, 7.429, 8.000, 7.143, 0.000
11:16:33.255, 244.993, 0.247, 0.246, 0.000, 0.004, 964, 1757, 0, 48, 48, 48, 48, 7.280, 7.789, 7.026, 0.000
11:16:34.254, 245.992, 0.247, 0.246, 0.000, 0.004, 960, 1761, 0, 48, 48, 48, 48, 7.441, 8.060, 7.134, 1.000
11:16:35.255, 246.993, 0.340, 0.334, 0.000, 0.010, 1002, 1974, 0, 48, 48, 48, 48, 8.229, 9.750, 7.472, 0.000
11:16:36.253, 247.991, 0.237, 0.236, 0.000, 0.004, 962, 1734, 0, 48, 48, 48, 48, 7.268, 7.809, 7.000, 0.000
11:16:37.262, 249.001, 0.239, 0.238, 0.000, 0.004, 962, 1731, 0, 48, 48, 48, 48, 7.398, 8.229, 6.983, 1.000
11:16:38.255, 249.993, 0.245, 0.244, 0.000, 0.004, 964, 1744, 0, 48, 48, 48, 48, 7.339, 7.789, 7.116, 0.000
11:16:39.257, 250.995, 0.358, 0.358, 0.000, 0.004, 1008, 1751, 0, 48, 48, 48, 48, 7.513, 7.538, 7.500, 1.000
11:16:40.263, 252.002, 0.261, 0.260, 0.000, 0.004, 960, 1796, 0, 48, 48, 48, 48, 7.352, 8.040, 7.009, 0.000
11:16:41.254, 252.992, 0.225, 0.226, 0.000, 0.002, 968, 1658, 0, 48, 48, 48, 47, 9.137, 13.317, 7.044, 0.000
11:16:42.260, 253.998, 0.245, 0.246, 0.000, 0.002, 962, 1731, 0, 48, 48, 48, 47, 7.980, 10.000, 6.974, 0.000
11:16:43.260, 254.999, 0.385, 0.386, 0.000, 0.004, 992, 1902, 0, 48, 48, 48, 47, 7.635, 8.271, 7.320, 1.000
11:16:44.283, 256.021, 6.866, 6.916, 0.000, 0.038, 1276, 3398, 0, 47, 52, 69, 48, 19.156, 16.870, 20.292, 1.000
11:16:45.261, 256.999, 6.527, 6.606, 0.000, 0.002, 1058, 3402, 0, 47, 52, 72, 48, 15.325, 7.532, 19.221, 0.000
11:16:46.254, 257.992, 6.734, 6.818, 0.000, 0.002, 1197, 3401, 0, 48, 53, 72, 48, 20.201, 21.212, 19.699, 3.000
11:16:47.254, 258.992, 6.503, 6.582, 0.000, 0.002, 994, 3402, 0, 48, 53, 72, 48, 15.615, 7.481, 19.676, 0.000
11:16:48.253, 259.992, 6.610, 6.690, 0.000, 0.004, 1013, 2610, 0, 48, 53, 65, 48, 17.238, 12.846, 19.424, 0.000
11:16:49.261, 260.999, 0.371, 0.342, 0.000, 0.034, 977, 1953, 0, 49, 49, 49, 48, 12.365, 12.250, 12.422, 2.000
11:16:50.256, 261.994, 0.253, 0.254, 0.000, 0.002, 964, 1777, 0, 48, 48, 48, 49, 7.525, 8.543, 7.018, 0.000
11:16:51.253, 262.991, 0.251, 0.252, 0.000, 0.002, 967, 1707, 0, 48, 48, 48, 48, 7.602, 8.521, 7.143, 2.000
11:16:52.256, 263.994, 0.255, 0.256, 0.000, 0.002, 967, 1724, 0, 48, 48, 48, 48, 7.173, 7.305, 7.107, 0.000
11:16:53.256, 264.994, 7.258, 7.340, 0.000, 0.008, 996, 3389, 0, 47, 51, 63, 48, 11.853, 7.519, 14.018, 0.000
11:16:54.254, 265.992, 7.240, 7.328, 0.000, 0.004, 968, 3403, 0, 48, 53, 74, 48, 15.139, 6.566, 19.420, 0.000
11:16:55.255, 266.993, 7.415, 7.504, 0.000, 0.004, 1188, 3402, 0, 48, 54, 76, 48, 17.290, 12.312, 19.752, 1.000
11:16:56.260, 267.999, 7.206, 7.294, 0.000, 0.002, 977, 3401, 0, 49, 54, 72, 49, 16.639, 10.644, 19.630, 0.000
11:16:57.253, 268.992, 7.075, 7.160, 0.000, 0.004, 1005, 3402, 0, 49, 54, 75, 49, 16.034, 9.367, 19.367, 0.000
11:16:58.254, 269.993, 7.228, 7.292, 0.000, 0.026, 1159, 3400, 0, 49, 54, 70, 49, 17.863, 13.854, 19.850, 1.000
11:16:59.256, 270.994, 3.368, 3.396, 0.000, 0.014, 971, 2231, 0, 51, 53, 67, 49, 13.917, 9.250, 16.250, 10.000
11:17:00.255, 271.993, 0.428, 0.428, 0.000, 0.004, 1055, 1420, 0, 50, 50, 50, 49, 10.889, 17.750, 7.472, 0.000
11:17:01.254, 272.992, 0.257, 0.256, 0.000, 0.004, 962, 1765, 0, 49, 49, 49, 49, 8.969, 12.879, 7.026, 0.000
11:17:02.256, 273.994, 0.267, 0.266, 0.000, 0.004, 960, 1796, 0, 49, 49, 49, 49, 7.840, 9.296, 7.116, 1.000
11:17:03.255, 274.993, 0.415, 0.380, 0.000, 0.040, 1166, 1187, 0, 49, 49, 49, 49, 9.114, 12.814, 7.268, 2.000
11:17:04.260, 275.998, 0.241, 0.240, 0.000, 0.004, 979, 1728, 0, 49, 49, 49, 49, 7.155, 7.481, 6.991, 10.000
11:17:05.254, 276.993, 0.247, 0.246, 0.000, 0.004, 976, 1628, 0, 49, 49, 49, 49, 7.673, 8.312, 7.357, 0.000
11:17:06.260, 277.998, 0.259, 0.258, 0.000, 0.004, 960, 1782, 0, 49, 49, 49, 49, 7.143, 7.481, 6.974, 0.000
11:17:07.261, 278.999, 2.088, 2.102, 0.000, 0.012, 1035, 2774, 0, 48, 48, 48, 48, 8.878, 8.040, 9.296, 1.000
11:17:08.253, 279.992, 0.192, 0.190, 0.000, 0.004, 962, 1607, 0, 49, 49, 49, 48, 7.155, 7.595, 6.936, 0.000
11:17:09.253, 280.991, 0.267, 0.266, 0.000, 0.004, 962, 1806, 0, 48, 48, 48, 48, 7.054, 7.000, 7.081, 0.000
11:17:10.253, 281.992, 0.251, 0.250, 0.000, 0.004, 959, 1817, 0, 48, 48, 48, 48, 7.435, 8.060, 7.125, 1.000
11:17:11.253, 282.991, 0.330, 0.330, 0.000, 0.004, 999, 1692, 0, 48, 48, 48, 48, 7.833, 8.500, 7.500, 0.000
11:17:12.260, 283.998, 0.446, 0.448, 0.000, 0.004, 1184, 1882, 0, 48, 48, 48, 48, 12.046, 18.564, 8.787, 1.000
11:17:13.255, 284.993, 0.255, 0.254, 0.000, 0.004, 968, 1748, 0, 48, 48, 48, 48, 6.975, 7.089, 6.918, 0.000
11:17:14.255, 285.993, 0.237, 0.236, 0.000, 0.004, 962, 1738, 0, 48, 48, 48, 48, 7.023, 6.784, 7.143, 0.000
11:17:15.253, 286.992, 0.269, 0.270, 0.000, 0.002, 962, 1744, 0, 48, 48, 48, 48, 7.352, 7.789, 7.134, 0.000
11:17:16.266, 288.004, 6.824, 6.910, 0.000, 0.002, 980, 3400, 0, 47, 52, 64, 48, 14.930, 8.416, 18.160, 1.000
11:17:17.255, 288.993, 6.589, 6.668, 0.000, 0.004, 981, 3402, 0, 48, 53, 67, 48, 15.561, 7.928, 19.363, 0.000
11:17:18.253, 289.991, 3.962, 3.998, 0.000, 0.014, 994, 2557, 0, 48, 53, 69, 49, 15.604, 13.065, 16.877, 0.000
11:17:19.255, 290.994, 0.298, 0.298, 0.000, 0.004, 968, 1846, 0, 49, 49, 49, 49, 7.737, 8.685, 7.266, 1.000
11:17:20.254, 291.992, 0.233, 0.234, 0.000, 0.002, 968, 1674, 0, 49, 49, 49, 48, 7.970, 10.076, 6.918, 0.000
11:17:21.256, 292.994, 0.251, 0.252, 0.000, 0.002, 962, 1760, 0, 49, 49, 49, 48, 7.173, 7.286, 7.116, 0.000
11:17:22.254, 293.992, 2.641, 2.664, 0.000, 0.010, 1578, 2817, 0, 49, 49, 49, 48, 11.195, 14.322, 9.637, 0.000
11:17:23.252, 294.991, 6.545, 6.626, 0.000, 0.002, 1023, 2749, 0, 48, 53, 69, 48, 15.688, 8.081, 19.472, 0.000
11:17:24.256, 295.995, 6.705, 6.786, 0.000, 0.002, 968, 3402, 0, 48, 54, 73, 48, 15.353, 6.983, 19.527, 1.000
11:17:25.253, 296.991, 0.213, 0.208, 0.000, 0.008, 981, 1622, 0, 49, 49, 49, 49, 11.242, 9.848, 11.935, 0.000
11:17:26.261, 297.999, 0.255, 0.254, 0.000, 0.004, 968, 1770, 0, 49, 49, 49, 49, 7.692, 8.706, 7.187, 0.000
11:17:27.256, 298.994, 0.259, 0.258, 0.000, 0.004, 962, 1764, 0, 49, 49, 49, 49, 8.033, 10.076, 7.018, 1.000
11:17:28.255, 299.993, 0.277, 0.276, 0.000, 0.004, 962, 1816, 0, 49, 49, 49, 49, 7.333, 8.000, 7.000, 0.000
11:17:29.255, 300.993, 6.938, 7.018, 0.000, 0.008, 1010, 3401, 0, 47, 52, 64, 48, 12.281, 7.789, 14.518, 0.000
11:17:30.255, 301.994, 6.944, 7.026, 0.000, 0.004, 977, 3402, 0, 48, 54, 75, 48, 15.776, 7.809, 19.725, 0.000
11:17:31.263, 303.002, 6.842, 6.924, 0.000, 0.004, 977, 3401, 0, 49, 54, 67, 49, 16.129, 8.933, 19.727, 1.000
11:17:32.261, 303.999, 6.839, 6.934, 0.000, 0.004, 954, 3402, 0, 49, 54, 74, 49, 15.816, 8.312, 19.549, 0.000
11:17:33.255, 304.993, 6.767, 6.864, 0.000, 0.004, 993, 3402, 0, 49, 54, 74, 49, 15.670, 8.354, 19.318, 0.000
11:17:34.254, 305.992, 6.319, 6.408, 0.000, 0.004, 954, 3365, 0, 49, 54, 74, 49, 17.908, 15.657, 19.024, 1.000
11:17:35.245, 306.984, 0.196, 0.194, 0.000, 0.004, 945, 1613, 0, 50, 50, 50, 49, 7.853, 9.296, 7.134, 0.000
11:17:36.256, 307.994, 0.241, 0.240, 0.000, 0.004, 968, 1717, 0, 50, 50, 50, 49, 7.514, 8.437, 7.054, 0.000
11:17:37.262, 309.000, 0.264, 0.264, 0.000, 0.004, 947, 1748, 0, 50, 50, 50, 49, 7.513, 8.794, 6.875, 1.000
11:17:38.264, 310.002, 0.446, 0.448, 0.000, 0.004, 988, 1963, 0, 49, 49, 49, 49, 7.927, 8.955, 7.417, 0.000
11:17:39.260, 310.998, 0.265, 0.264, 0.000, 0.004, 952, 1773, 0, 49, 49, 49, 49, 7.083, 7.342, 6.953, 0.000
11:17:40.255, 311.994, 0.263, 0.262, 0.000, 0.004, 969, 1751, 0, 49, 49, 49, 49, 7.956, 9.572, 7.152, 1.000
11:17:41.260, 312.998, 0.239, 0.238, 0.000, 0.004, 950, 1721, 0, 49, 49, 49, 49, 7.089, 7.500, 6.884, 0.000
11:17:42.262, 314.000, 0.259, 0.258, 0.000, 0.004, 954, 1775, 0, 49, 49, 49, 49, 7.463, 7.980, 7.205, 0.000
11:17:43.255, 314.993, 0.241, 0.240, 0.000, 0.004, 946, 1779, 0, 49, 49, 49, 49, 7.143, 7.360, 7.035, 0.000
11:17:44.260, 315.998, 0.244, 0.244, 0.000, 0.004, 952, 1733, 0, 49, 49, 49, 49, 7.149, 7.463, 6.991, 1.000
11:17:45.260, 316.998, 0.257, 0.256, 0.000, 0.004, 948, 1751, 0, 49, 49, 49, 49, 7.423, 8.271, 7.000, 0.000
11:17:46.261, 317.999, 0.251, 0.250, 0.000, 0.004, 944, 1777, 0, 49, 49, 49, 48, 7.358, 8.040, 7.018, 0.000
11:17:47.255, 318.993, 0.237, 0.236, 0.000, 0.004, 948, 1707, 0, 48, 48, 48, 48, 7.268, 7.538, 7.134, 0.000
11:17:48.253, 319.991, 0.241, 0.240, 0.000, 0.004, 954, 1737, 0, 48, 48, 48, 48, 8.514, 11.558, 7.000, 0.000
11:17:49.260, 320.998, 0.274, 0.278, 0.000, 0.000, 953, 1906, 0, 48, 48, 48, 48, 6.865, 5.985, 7.302, 1.000
11:17:50.252, 321.990, 0.219, 0.222, 0.000, 0.000, 949, 1724, 0, 48, 48, 48, 48, 6.728, 6.076, 7.053, 0.000
11:17:51.252, 322.990, 0.227, 0.230, 0.000, 0.000, 964, 1665, 0, 48, 48, 48, 48, 6.805, 6.219, 7.098, 1.000
11:17:52.261, 323.999, 0.242, 0.246, 0.000, 0.000, 957, 1748, 0, 49, 49, 49, 48, 6.172, 4.511, 7.000, 0.000
11:17:53.261, 324.999, 0.308, 0.288, 0.000, 0.024, 1384, 877, 0, 47, 49, 56, 48, 7.167, 6.266, 7.615, 1.000
11:17:54.262, 326.001, 0.276, 0.276, 0.000, 0.004, 968, 1796, 0, 49, 49, 49, 48, 7.673, 8.772, 7.125, 0.000
11:17:55.255, 326.993, 0.248, 0.250, 0.000, 0.002, 958, 1739, 0, 49, 49, 49, 48, 7.763, 9.273, 7.009, 1.000
11:17:56.256, 327.995, 0.259, 0.260, 0.000, 0.002, 957, 1775, 0, 49, 49, 49, 48, 7.429, 8.291, 7.000, 0.000
11:17:57.271, 329.009, 7.221, 7.322, 0.000, 0.004, 969, 3400, 0, 48, 52, 67, 48, 15.290, 7.635, 19.094, 1.000
11:17:58.253, 329.991, 7.046, 7.146, 0.000, 0.002, 987, 3402, 0, 48, 53, 70, 48, 15.812, 8.740, 19.334, 0.000
11:17:59.253, 330.991, 6.999, 7.100, 0.000, 0.004, 954, 3402, 0, 48, 53, 72, 49, 15.397, 7.053, 19.549, 0.000
11:18:00.261, 331.999, 0.366, 0.354, 0.000, 0.016, 1001, 1916, 0, 50, 50, 50, 49, 11.974, 9.158, 13.383, 1.000
11:18:01.260, 332.998, 0.288, 0.288, 0.000, 0.004, 954, 1824, 0, 49, 49, 49, 49, 7.262, 7.305, 7.241, 0.000
11:18:02.253, 333.991, 0.243, 0.242, 0.000, 0.004, 961, 1699, 0, 49, 49, 49, 49, 7.795, 9.343, 7.026, 1.000
11:18:03.260, 334.998, 0.264, 0.264, 0.000, 0.004, 961, 1746, 0, 49, 49, 49, 49, 6.928, 6.767, 7.009, 0.000
11:18:04.260, 335.998, 0.308, 0.302, 0.000, 0.010, 993, 1713, 0, 49, 49, 49, 48, 8.020, 9.296, 7.384, 1.000
11:18:05.256, 336.994, 0.270, 0.270, 0.000, 0.004, 952, 1771, 0, 48, 48, 48, 49, 7.577, 8.750, 6.991, 0.000
11:18:06.260, 337.998, 0.239, 0.238, 0.000, 0.004, 946, 1703, 0, 48, 48, 48, 48, 7.339, 8.020, 7.000, 0.000
11:18:07.255, 338.994, 0.269, 0.268, 0.000, 0.004, 955, 1829, 0, 48, 48, 48, 48, 7.155, 7.000, 7.232, 1.000
11:18:08.261, 339.999, 0.565, 0.558, 0.000, 0.014, 1009, 1722, 0, 48, 48, 48, 48, 7.956, 8.312, 7.779, 0.000
11:18:09.261, 340.999, 0.274, 0.274, 0.000, 0.004, 954, 1825, 0, 48, 48, 48, 48, 6.911, 6.516, 7.107, 1.000
11:18:10.255, 341.993, 0.248, 0.248, 0.000, 0.004, 947, 1712, 0, 48, 48, 48, 48, 7.590, 8.521, 7.125, 0.000
11:18:11.263, 343.001, 0.245, 0.244, 0.000, 0.004, 945, 1767, 0, 48, 48, 48, 48, 7.506, 8.291, 7.116, 0.000
11:18:12.260, 343.998, 4.744, 4.800, 0.000, 0.012, 1079, 2207, 0, 47, 50, 61, 48, 11.065, 10.327, 11.432, 1.000
11:18:13.256, 344.994, 6.902, 7.000, 0.000, 0.002, 974, 3402, 0, 48, 53, 74, 48, 17.475, 13.065, 19.674, 0.000
11:18:14.253, 345.991, 6.823, 6.920, 0.000, 0.004, 1011, 3402, 0, 48, 53, 74, 48, 15.352, 7.323, 19.347, 0.000
11:18:15.252, 346.990, 0.241, 0.230, 0.000, 0.014, 981, 1572, 0, 50, 50, 50, 49, 11.843, 9.296, 13.109, 1.000
11:18:16.261, 347.999, 0.278, 0.278, 0.000, 0.004, 950, 1785, 0, 49, 49, 49, 49, 7.337, 8.128, 6.939, 0.000
11:18:17.254, 348.992, 0.266, 0.266, 0.000, 0.004, 948, 1750, 0, 49, 49, 49, 49, 7.352, 7.809, 7.125, 0.000
11:18:18.260, 349.998, 0.276, 0.276, 0.000, 0.004, 956, 1799, 0, 49, 49, 49, 48, 8.946, 12.814, 7.018, 1.000
11:18:19.260, 350.999, 6.663, 6.750, 0.000, 0.010, 1031, 3293, 0, 47, 51, 61, 48, 11.696, 8.060, 13.500, 0.000
11:18:20.261, 352.000, 7.170, 7.270, 0.000, 0.004, 1013, 3401, 0, 48, 54, 65, 48, 15.833, 8.020, 19.725, 1.000
11:18:21.261, 352.999, 7.132, 7.230, 0.000, 0.004, 964, 3402, 0, 48, 54, 75, 49, 15.417, 7.250, 19.500, 0.000
11:18:22.252, 353.990, 0.219, 0.218, 0.000, 0.004, 950, 1661, 0, 49, 49, 49, 49, 9.664, 7.595, 10.692, 0.000
11:18:23.255, 354.993, 0.414, 0.416, 0.000, 0.004, 1394, 1685, 0, 49, 49, 49, 49, 9.643, 14.750, 7.098, 0.000
11:18:24.261, 356.000, 0.245, 0.244, 0.000, 0.004, 947, 1743, 0, 49, 49, 49, 49, 7.161, 7.286, 7.098, 1.000
11:18:25.262, 357.000, 0.277, 0.278, 0.000, 0.002, 958, 1807, 0, 49, 49, 49, 49, 7.917, 9.500, 7.125, 0.000
11:18:26.256, 357.994, 0.246, 0.246, 0.000, 0.004, 958, 1757, 0, 49, 49, 49, 49, 7.763, 8.816, 7.241, 1.000
11:18:27.255, 358.993, 0.349, 0.350, 0.000, 0.004, 954, 1776, 0, 49, 49, 49, 49, 11.426, 20.301, 7.000, 0.000
11:18:28.253, 359.991, 0.231, 0.230, 0.000, 0.004, 952, 1696, 0, 49, 49, 49, 48, 8.703, 12.060, 7.026, 0.000
11:18:29.259, 360.998, 0.252, 0.252, 0.000, 0.004, 952, 1746, 0, 48, 48, 48, 48, 6.833, 6.533, 6.983, 0.000
11:18:30.273, 362.011, 7.229, 7.332, 0.000, 0.002, 967, 2618, 0, 48, 51, 59, 49, 13.711, 9.606, 15.764, 1.000
11:18:31.260, 362.998, 5.118, 5.184, 0.000, 0.008, 982, 2997, 0, 48, 53, 72, 49, 14.856, 8.440, 18.043, 0.000
11:18:32.255, 363.993, 0.263, 0.262, 0.000, 0.004, 948, 1755, 0, 50, 50, 50, 49, 7.435, 8.271, 7.018, 0.000
11:18:33.255, 364.993, 0.256, 0.256, 0.000, 0.004, 956, 1759, 0, 49, 49, 49, 49, 7.095, 7.286, 7.000, 0.000
11:18:34.255, 365.993, 0.250, 0.252, 0.000, 0.002, 950, 1704, 0, 49, 49, 49, 49, 9.273, 13.819, 7.009, 1.000
11:18:35.252, 366.990, 1.846, 1.864, 0.000, 0.008, 1154, 2468, 0, 49, 49, 49, 48, 14.917, 15.789, 14.482, 0.000
11:18:36.305, 368.043, 7.873, 7.988, 0.000, 0.002, 1015, 3396, 0, 50, 54, 70, 49, 31.571, 23.460, 35.621, 0.000
11:18:37.252, 368.990, 7.352, 7.458, 0.000, 0.002, 961, 2392, 0, 49, 54, 70, 49, 15.283, 7.937, 18.966, 0.000
11:18:38.261, 370.000, 5.125, 5.198, 0.000, 0.002, 954, 3379, 0, 49, 53, 69, 49, 15.506, 7.018, 19.703, 0.000
11:18:39.261, 370.999, 5.018, 5.088, 0.000, 0.002, 958, 3358, 0, 49, 53, 66, 49, 15.706, 7.750, 19.699, 1.000
11:18:40.261, 371.999, 5.260, 5.334, 0.000, 0.002, 952, 3359, 0, 49, 53, 67, 49, 15.847, 8.060, 19.701, 0.000
11:18:41.262, 373.001, 5.201, 5.274, 0.000, 0.002, 961, 3358, 0, 49, 53, 67, 49, 15.397, 7.071, 19.524, 0.000
11:18:42.269, 374.007, 5.250, 5.324, 0.000, 0.002, 954, 3408, 0, 49, 53, 60, 50, 15.519, 6.983, 19.776, 0.000
11:18:43.261, 374.999, 6.523, 6.616, 0.000, 0.002, 1033, 3396, 0, 49, 54, 69, 50, 15.539, 7.305, 19.625, 1.000
11:18:44.261, 376.000, 4.599, 4.652, 0.000, 0.014, 970, 2800, 0, 50, 54, 68, 50, 14.262, 7.053, 17.862, 0.000
11:18:45.262, 377.000, 0.270, 0.270, 0.000, 0.004, 952, 1779, 0, 51, 51, 51, 50, 7.641, 8.955, 6.983, 0.000
11:18:46.260, 377.998, 0.250, 0.250, 0.000, 0.004, 949, 1743, 0, 50, 50, 50, 50, 7.191, 7.557, 7.009, 1.000
11:18:47.255, 378.993, 0.263, 0.262, 0.000, 0.004, 958, 1762, 0, 50, 50, 50, 50, 7.370, 8.060, 7.026, 0.000
11:18:48.253, 379.991, 1.628, 1.634, 0.000, 0.012, 1003, 2688, 0, 50, 50, 50, 49, 10.042, 12.531, 8.794, 0.000
11:18:49.265, 381.004, 4.021, 4.078, 0.000, 0.002, 954, 2059, 0, 49, 53, 65, 50, 15.717, 6.880, 20.097, 1.000
11:18:50.263, 382.001, 3.507, 3.556, 0.000, 0.002, 970, 3358, 0, 49, 52, 58, 50, 15.586, 7.595, 19.571, 0.000
11:18:51.263, 383.001, 3.436, 3.484, 0.000, 0.002, 967, 3359, 0, 49, 52, 58, 50, 15.192, 6.030, 19.750, 0.000
11:18:52.262, 384.001, 3.367, 3.414, 0.000, 0.002, 954, 3359, 0, 49, 52, 60, 50, 15.680, 7.769, 19.625, 1.000
11:18:53.260, 384.998, 4.398, 4.460, 0.000, 0.002, 954, 3379, 0, 49, 53, 62, 50, 15.301, 6.549, 19.650, 0.000
11:18:54.245, 385.983, 0.193, 0.192, 0.000, 0.004, 952, 1602, 0, 50, 50, 50, 50, 7.980, 6.633, 8.651, 0.000
11:18:55.255, 386.994, 0.298, 0.298, 0.000, 0.004, 982, 1816, 0, 50, 50, 50, 50, 7.864, 9.476, 7.063, 1.000
11:18:56.254, 387.993, 0.258, 0.258, 0.000, 0.004, 958, 1766, 0, 50, 50, 50, 50, 7.280, 8.040, 6.901, 0.000
11:18:57.256, 388.994, 0.245, 0.244, 0.000, 0.004, 966, 1703, 0, 50, 50, 50, 50, 7.833, 9.273, 7.116, 0.000
11:18:58.279, 390.017, 5.996, 6.082, 0.000, 0.002, 957, 3359, 0, 49, 53, 65, 50, 14.715, 8.313, 17.905, 0.000
11:18:59.260, 390.998, 0.278, 0.278, 0.000, 0.004, 947, 1796, 0, 51, 51, 51, 50, 8.696, 8.440, 8.824, 1.000
11:19:00.260, 391.998, 0.323, 0.322, 0.000, 0.006, 954, 1873, 0, 50, 50, 50, 50, 9.159, 11.529, 7.980, 0.000
11:19:01.254, 392.993, 0.279, 0.278, 0.000, 0.004, 947, 1864, 0, 50, 50, 50, 50, 8.319, 11.364, 6.801, 1.000
11:19:02.255, 393.993, 0.245, 0.244, 0.000, 0.004, 956, 1719, 0, 50, 50, 50, 49, 7.853, 9.045, 7.259, 0.000
11:19:03.263, 395.001, 7.059, 7.160, 0.000, 0.004, 955, 3400, 0, 49, 53, 67, 49, 14.873, 8.685, 17.936, 0.000
11:19:04.262, 396.001, 6.955, 7.052, 0.000, 0.004, 1043, 3039, 0, 50, 54, 70, 50, 15.604, 7.089, 19.824, 1.000
11:19:05.262, 397.000, 7.065, 7.162, 0.000, 0.004, 965, 3401, 0, 49, 55, 75, 50, 15.970, 9.023, 19.448, 0.000
11:19:06.253, 397.991, 6.873, 6.970, 0.000, 0.004, 961, 3403, 0, 49, 55, 75, 50, 15.372, 7.360, 19.367, 0.000
11:19:07.253, 398.991, 6.872, 6.970, 0.000, 0.004, 954, 3402, 0, 50, 55, 75, 50, 15.474, 7.500, 19.451, 0.000
11:19:08.252, 399.991, 6.769, 6.862, 0.000, 0.004, 1011, 3403, 0, 50, 55, 75, 50, 15.029, 6.566, 19.245, 1.000
11:19:09.245, 400.983, 0.203, 0.196, 0.000, 0.010, 963, 1515, 0, 51, 51, 51, 50, 10.592, 7.268, 12.250, 0.000
11:19:10.261, 401.999, 0.298, 0.298, 0.000, 0.004, 948, 1835, 0, 51, 51, 51, 50, 7.521, 8.437, 7.063, 0.000
11:19:11.254, 402.993, 0.235, 0.234, 0.000, 0.004, 954, 1710, 0, 51, 51, 51, 50, 7.364, 7.809, 7.143, 1.000
11:19:12.255, 403.993, 0.250, 0.250, 0.000, 0.004, 954, 1745, 0, 51, 51, 51, 50, 7.321, 8.000, 6.983, 0.000
11:19:13.260, 404.999, 0.319, 0.320, 0.000, 0.004, 1058, 1786, 0, 51, 51, 51, 50, 8.590, 11.529, 7.125, 0.000
11:19:14.254, 405.992, 0.255, 0.254, 0.000, 0.004, 951, 1757, 0, 50, 50, 50, 50, 9.045, 13.065, 7.035, 0.000
11:19:15.253, 406.991, 0.233, 0.232, 0.000, 0.004, 958, 1699, 0, 50, 50, 50, 50, 7.494, 8.500, 6.991, 0.000
11:19:16.254, 407.993, 0.256, 0.256, 0.000, 0.004, 954, 1750, 0, 50, 50, 50, 49, 7.327, 7.789, 7.098, 1.000
11:19:17.255, 408.993, 0.484, 0.474, 0.000, 0.016, 962, 1802, 0, 50, 50, 50, 49, 7.937, 8.543, 7.635, 0.000
11:19:18.263, 410.001, 0.304, 0.304, 0.000, 0.004, 954, 1849, 0, 50, 50, 50, 49, 8.667, 11.779, 7.116, 0.000
11:19:19.261, 410.999, 0.235, 0.234, 0.000, 0.004, 954, 1714, 0, 50, 50, 50, 49, 7.143, 7.342, 7.044, 1.000
11:19:20.254, 411.992, 0.251, 0.250, 0.000, 0.004, 971, 1703, 0, 50, 50, 50, 49, 7.923, 9.774, 7.000, 0.000
11:19:21.256, 412.994, 6.208, 6.288, 0.000, 0.010, 1018, 3054, 0, 48, 52, 67, 49, 11.516, 8.209, 13.168, 0.000
11:19:22.255, 413.993, 7.655, 7.764, 0.000, 0.002, 954, 3402, 0, 49, 55, 71, 49, 15.635, 7.557, 19.650, 1.000
11:19:23.253, 414.992, 7.552, 7.658, 0.000, 0.002, 954, 3403, 0, 49, 55, 77, 50, 15.072, 6.616, 19.289, 0.000
11:19:24.253, 415.991, 7.575, 7.682, 0.000, 0.002, 954, 3402, 0, 51, 55, 73, 50, 17.589, 13.861, 19.455, 0.000
11:19:25.254, 416.993, 7.537, 7.646, 0.000, 0.002, 954, 3402, 0, 50, 55, 75, 50, 15.759, 8.333, 19.448, 1.000
11:19:26.252, 417.991, 7.562, 7.672, 0.000, 0.002, 958, 3402, 0, 50, 55, 75, 51, 15.442, 7.305, 19.476, 0.000
11:19:27.261, 418.999, 7.420, 7.526, 0.000, 0.002, 997, 3402, 0, 51, 55, 66, 51, 15.633, 7.232, 19.802, 0.000
11:19:28.253, 419.991, 7.395, 7.502, 0.000, 0.002, 954, 3402, 0, 51, 55, 76, 51, 15.314, 7.035, 19.448, 0.000
11:19:29.252, 420.991, 7.374, 7.480, 0.000, 0.002, 954, 3403, 0, 51, 56, 78, 51, 15.507, 8.060, 19.221, 1.000
11:19:30.251, 421.989, 7.569, 7.676, 0.000, 0.002, 1117, 3400, 0, 51, 56, 78, 51, 16.569, 10.050, 19.824, 0.000
11:19:31.252, 422.991, 7.415, 7.524, 0.000, 0.002, 954, 3402, 0, 51, 56, 78, 51, 15.519, 7.500, 19.503, 0.000
11:19:32.253, 423.991, 7.475, 7.584, 0.000, 0.000, 954, 2830, 0, 51, 56, 69, 51, 14.634, 5.316, 19.270, 0.000
11:19:33.263, 425.001, 7.651, 7.762, 0.000, 0.000, 961, 3401, 0, 52, 56, 74, 51, 14.955, 5.172, 19.852, 1.000
11:19:34.252, 425.990, 7.530, 7.642, 0.000, 0.000, 958, 3402, 0, 51, 56, 76, 51, 14.527, 5.063, 19.265, 0.000
11:19:35.252, 426.990, 7.585, 7.698, 0.000, 0.000, 964, 3402, 0, 52, 57, 76, 52, 15.493, 7.214, 19.627, 0.000
11:19:36.244, 427.982, 0.199, 0.176, 0.000, 0.026, 1638, 818, 0, 52, 56, 76, 52, 7.282, 7.379, 7.234, 1.000
11:19:37.252, 428.990, 0.250, 0.250, 0.000, 0.004, 999, 1757, 0, 51, 51, 51, 51, 8.553, 11.166, 7.257, 2.000
11:19:38.261, 429.999, 0.250, 0.250, 0.000, 0.004, 948, 1735, 0, 51, 51, 51, 51, 7.238, 7.750, 6.983, 0.000
11:19:39.262, 431.000, 0.243, 0.242, 0.000, 0.004, 945, 1713, 0, 51, 51, 51, 51, 7.167, 7.250, 7.125, 0.000
11:19:40.273, 432.011, 7.533, 7.640, 0.000, 0.002, 962, 3399, 0, 50, 55, 72, 51, 15.359, 7.389, 19.315, 1.000
11:19:41.245, 432.983, 7.257, 7.362, 0.000, 0.002, 955, 3402, 0, 51, 55, 75, 51, 15.285, 7.273, 19.276, 0.000
11:19:42.254, 433.992, 7.253, 7.358, 0.000, 0.002, 954, 3402, 0, 51, 56, 75, 51, 15.847, 8.750, 19.399, 0.000
11:19:43.245, 434.984, 0.174, 0.172, 0.000, 0.004, 954, 1511, 0, 53, 53, 53, 52, 9.707, 7.576, 10.763, 1.000
11:19:44.259, 435.997, 0.286, 0.286, 0.000, 0.004, 954, 1842, 0, 52, 52, 52, 51, 7.490, 8.395, 7.037, 0.000
11:19:45.254, 436.992, 0.248, 0.248, 0.000, 0.004, 953, 1718, 0, 52, 52, 52, 51, 7.346, 8.020, 7.009, 0.000
11:19:46.255, 437.993, 0.237, 0.236, 0.000, 0.004, 954, 1717, 0, 51, 51, 51, 51, 6.850, 6.566, 6.991, 0.000
11:19:47.260, 438.998, 0.345, 0.346, 0.000, 0.004, 951, 1960, 0, 51, 51, 51, 51, 8.271, 8.416, 8.199, 1.000
11:19:48.254, 439.992, 0.233, 0.232, 0.000, 0.004, 952, 1680, 0, 51, 51, 51, 51, 8.608, 11.959, 6.944, 0.000
11:19:49.259, 440.997, 0.245, 0.244, 0.000, 0.004, 953, 1722, 0, 51, 51, 51, 50, 7.398, 8.229, 6.983, 0.000
11:19:50.255, 441.993, 0.249, 0.248, 0.000, 0.004, 950, 1721, 0, 51, 51, 51, 50, 7.441, 8.101, 7.116, 1.000
11:19:51.260, 442.999, 7.055, 7.150, 0.000, 0.006, 967, 3401, 0, 50, 53, 62, 50, 13.284, 9.181, 15.328, 0.000
11:19:52.253, 443.991, 0.138, 0.136, 0.000, 0.004, 954, 1367, 0, 51, 51, 51, 50, 7.825, 8.763, 7.355, 1.000
11:19:53.256, 444.994, 0.270, 0.270, 0.000, 0.004, 957, 1806, 0, 51, 51, 51, 51, 7.510, 8.108, 7.213, 0.000
11:19:54.256, 445.994, 0.222, 0.220, 0.000, 0.004, 949, 1671, 0, 51, 51, 51, 50, 7.023, 7.035, 7.018, 0.000
11:19:55.258, 446.997, 0.250, 0.250, 0.000, 0.004, 950, 1729, 0, 50, 50, 50, 50, 7.339, 8.040, 6.991, 0.000
11:19:56.281, 448.019, 7.457, 7.562, 0.000, 0.002, 955, 3400, 0, 50, 54, 69, 50, 15.661, 9.291, 18.849, 1.000
11:19:57.267, 449.005, 7.146, 7.246, 0.000, 0.004, 974, 3401, 0, 51, 56, 66, 50, 16.244, 9.463, 19.595, 0.000
11:19:58.260, 449.998, 7.149, 7.252, 0.000, 0.002, 970, 3402, 0, 51, 55, 73, 51, 15.365, 7.035, 19.546, 0.000
11:19:59.270, 451.008, 7.148, 7.250, 0.000, 0.002, 961, 3402, 0, 50, 55, 74, 51, 15.719, 7.828, 19.625, 1.000
11:20:00.269, 452.008, 3.334, 3.368, 0.000, 0.014, 979, 2222, 0, 53, 55, 69, 51, 13.583, 8.271, 16.230, 0.000
11:20:01.269, 453.007, 0.302, 0.302, 0.000, 0.004, 961, 1829, 0, 52, 52, 52, 51, 8.361, 10.697, 7.196, 1.000
11:20:02.272, 454.010, 0.257, 0.256, 0.000, 0.004, 954, 1761, 0, 51, 51, 51, 51, 7.660, 9.114, 6.936, 0.000
11:20:03.270, 455.008, 0.262, 0.262, 0.000, 0.004, 958, 1760, 0, 51, 51, 51, 51, 7.827, 9.227, 7.125, 0.000
11:20:04.268, 456.006, 0.352, 0.350, 0.000, 0.006, 1147, 1753, 0, 51, 51, 51, 51, 8.368, 10.354, 7.384, 1.000
11:20:05.267, 457.006, 0.306, 0.310, 0.000, 0.000, 1057, 1732, 0, 51, 51, 51, 50, 7.860, 9.799, 6.892, 1.000
11:20:06.267, 458.005, 0.219, 0.222, 0.000, 0.000, 949, 1758, 0, 51, 51, 51, 50, 6.828, 6.000, 7.241, 0.000
11:20:07.267, 459.005, 0.227, 0.230, 0.000, 0.000, 960, 1688, 0, 50, 50, 50, 50, 6.845, 6.784, 6.875, 1.000
11:20:08.260, 459.998, 0.219, 0.222, 0.000, 0.000, 951, 1678, 0, 50, 50, 50, 50, 6.511, 5.514, 7.009, 0.000
11:20:09.270, 461.008, 0.229, 0.232, 0.000, 0.000, 960, 1701, 0, 50, 50, 50, 50, 6.828, 6.500, 6.991, 0.000
11:20:10.267, 462.005, 0.211, 0.214, 0.000, 0.000, 947, 1701, 0, 50, 50, 50, 50, 6.862, 6.801, 6.892, 0.000
11:20:11.268, 463.006, 0.221, 0.224, 0.000, 0.000, 970, 1709, 0, 50, 50, 50, 50, 6.484, 5.486, 6.983, 0.000
11:20:12.276, 464.014, 0.225, 0.228, 0.000, 0.000, 947, 1750, 0, 50, 50, 50, 50, 6.650, 5.721, 7.116, 0.000
11:20:13.268, 465.007, 0.215, 0.218, 0.000, 0.000, 956, 1693, 0, 50, 50, 50, 50, 6.433, 5.025, 7.134, 1.000
11:20:14.271, 466.009, 0.355, 0.360, 0.000, 0.000, 1185, 1694, 0, 50, 50, 50, 50, 9.508, 14.787, 6.875, 0.000
11:20:15.271, 467.010, 0.274, 0.278, 0.000, 0.000, 950, 1885, 0, 50, 50, 50, 50, 6.511, 5.528, 7.000, 0.000
11:20:16.271, 468.009, 0.199, 0.202, 0.000, 0.000, 961, 1648, 0, 50, 50, 50, 50, 6.611, 6.030, 6.901, 0.000
11:20:17.273, 469.011, 0.225, 0.228, 0.000, 0.000, 947, 1740, 0, 50, 50, 50, 49, 6.484, 5.237, 7.107, 0.000
11:20:18.274, 470.012, 0.314, 0.318, 0.000, 0.000, 960, 1889, 0, 50, 50, 50, 49, 7.597, 8.416, 7.187, 0.000
11:20:19.271, 471.010, 0.213, 0.216, 0.000, 0.000, 951, 1707, 0, 50, 50, 50, 49, 6.408, 5.089, 7.062, 0.000
11:20:20.264, 472.002, 0.264, 0.268, 0.000, 0.000, 971, 1795, 0, 50, 50, 50, 49, 6.495, 5.500, 6.991, 0.000
11:20:21.273, 473.011, 0.205, 0.208, 0.000, 0.000, 961, 1665, 0, 50, 50, 50, 49, 6.198, 4.774, 6.910, 1.000
11:20:22.274, 474.013, 0.225, 0.228, 0.000, 0.000, 959, 1690, 0, 50, 50, 50, 49, 6.661, 6.030, 6.974, 0.000
11:20:23.272, 475.010, 0.221, 0.224, 0.000, 0.000, 963, 1699, 0, 50, 50, 50, 49, 6.667, 5.985, 7.009, 0.000
11:20:24.272, 476.010, 0.526, 0.534, 0.000, 0.000, 1560, 1734, 0, 50, 50, 50, 49, 8.674, 12.060, 6.991, 0.000
11:20:25.274, 477.012, 0.215, 0.218, 0.000, 0.000, 946, 1736, 0, 50, 50, 50, 49, 6.522, 5.528, 7.018, 0.000
11:20:26.273, 478.011, 0.194, 0.196, 0.000, 0.000, 957, 1639, 0, 50, 50, 50, 49, 6.411, 5.237, 7.000, 0.000
11:20:27.275, 479.013, 0.258, 0.262, 0.000, 0.000, 962, 1754, 0, 50, 50, 50, 49, 7.066, 7.000, 7.098, 0.000
11:20:28.276, 480.014, 0.221, 0.224, 0.000, 0.000, 959, 1708, 0, 50, 50, 50, 49, 6.250, 4.750, 7.000, 1.000
11:20:29.281, 481.020, 0.221, 0.224, 0.000, 0.000, 960, 1718, 0, 49, 49, 49, 49, 6.167, 4.762, 6.866, 0.000
11:20:30.273, 482.011, 0.215, 0.218, 0.000, 0.000, 947, 1753, 0, 49, 49, 49, 49, 6.706, 6.045, 7.035, 0.000
11:20:31.275, 483.013, 0.207, 0.210, 0.000, 0.000, 947, 1651, 0, 49, 49, 49, 49, 6.406, 5.013, 7.098, 0.000
11:20:32.274, 484.013, 0.239, 0.242, 0.000, 0.000, 957, 1721, 0, 49, 49, 49, 49, 6.994, 6.983, 7.000, 0.000
11:20:33.276, 485.014, 0.396, 0.362, 0.000, 0.040, 1383, 1482, 0, 49, 49, 49, 49, 8.757, 12.030, 7.125, 1.000
11:20:34.267, 486.005, 0.500, 0.456, 0.000, 0.050, 1046, 1962, 0, 49, 49, 49, 49, 11.706, 18.228, 8.489, 2.000
11:20:35.282, 487.020, 0.330, 0.320, 0.000, 0.014, 975, 1783, 0, 49, 49, 49, 49, 10.963, 17.955, 7.472, 12.000
11:20:36.286, 488.024, 0.707, 0.676, 0.000, 0.040, 1050, 2003, 0, 49, 49, 49, 49, 8.224, 9.383, 7.645, 3.000
